mc_mean_daily_return,mc_avg_final_pnl,mc_p5_final_pnl,mc_p95_final_pnl,mc_median_final_pnl,full_pro_mean,full_anti_mean,full_pro_pct_rank,full_anti_pct_rank
-4.0246818590540934e-05,3.2277447233689034,-598.0752327270496,607.5105842285166,-1.0289573974597488,-0.0009818411192184405,0.00027887114493836505,0.43,99.48
