mc_mean_daily_return,mc_avg_final_pnl,mc_p5_final_pnl,mc_p95_final_pnl,mc_median_final_pnl
-3.8777563431943034e-05,-0.7871913364400044,-734.298807281493,752.1275209960947,0.7863466796885632
